{
    "accuracy": 0.9326145552560647,
    "balanced_accuracy": 0.9207554232628471,
    "cm": [
        [
            0.8725490196078431,
            0.029411764705882353,
            0.058823529411764705,
            0.0392156862745098
        ],
        [
            0.010973936899862825,
            0.9657064471879286,
            0.009602194787379973,
            0.013717421124828532
        ],
        [
            0.05774278215223097,
            0.031496062992125984,
            0.8871391076115486,
            0.023622047244094488
        ],
        [
            0.015536723163841809,
            0.002824858757062147,
            0.02401129943502825,
            0.9576271186440678
        ]
    ],
    "k": 5,
    "labels": [
        "Animal",
        "Bacteria",
        "Plant",
        "Virus"
    ],
    "pca_n": 30,
    "report": {
        "Animal": {
            "f1-score": 0.884472049689441,
            "precision": 0.8967254408060453,
            "recall": 0.8725490196078431,
            "support": 408.0
        },
        "Bacteria": {
            "f1-score": 0.9650445510623715,
            "precision": 0.9643835616438357,
            "recall": 0.9657064471879286,
            "support": 729.0
        },
        "Plant": {
            "f1-score": 0.8813559322033898,
            "precision": 0.8756476683937824,
            "recall": 0.8871391076115486,
            "support": 381.0
        },
        "Virus": {
            "f1-score": 0.9542575650950035,
            "precision": 0.9509116409537167,
            "recall": 0.9576271186440678,
            "support": 708.0
        },
        "accuracy": 0.9326145552560647,
        "macro avg": {
            "f1-score": 0.9212825245125514,
            "precision": 0.9219170779493451,
            "recall": 0.9207554232628471,
            "support": 2226.0
        },
        "weighted avg": {
            "f1-score": 0.9325215814261071,
            "precision": 0.9325097932347193,
            "recall": 0.9326145552560647,
            "support": 2226.0
        }
    }
}